,KMeans_Cluster,DTW_Cluster,Hierarchical_Cluster,CNN_Anomaly_Loss,SVM_Verdict,LOF_Anomaly_Score,KS_Statistic,KS_p_value,Statistical_Verdict
AR,1,3,3,0.0016117063350975513,🚨 АНОМАЛИЯ,4.1530631200975945,0.36363636363636365,0.0002838993311940763,🚨 СТАТ-АНОМАЛИЯ
ZIL,3,1,2,0.0016344587784260511,🚨 АНОМАЛИЯ,3.7170876614090522,0.3484848484848485,0.0005942079024980721,🚨 СТАТ-АНОМАЛИЯ
BEAM,2,1,0,0.0019121160730719566,🚨 АНОМАЛИЯ,3.4316513994581737,0.33333333333333337,0.001201920530022217,🚨 СТАТ-АНОМАЛИЯ
MINA,2,1,2,0.0012422739528119564,🚨 АНОМАЛИЯ,2.8736469718433555,0.3484848484848485,0.0005942079024980721,🚨 СТАТ-АНОМАЛИЯ
INJ,0,0,0,0.0011506836162880063,🚨 АНОМАЛИЯ,2.7433575683033933,0.3939393939393939,5.8394009593437885e-05,🚨 СТАТ-АНОМАЛИЯ
AVAX,2,1,1,0.001346319797448814,🚨 АНОМАЛИЯ,2.5697268412064767,0.42424242424242425,1.0420344882837236e-05,🚨 СТАТ-АНОМАЛИЯ
NEAR,2,1,1,0.0013066737446933985,🚨 АНОМАЛИЯ,2.4756359341840524,0.36363636363636365,0.0002838993311940763,🚨 СТАТ-АНОМАЛИЯ
SEI,2,1,1,0.0010351981036365032,🚨 АНОМАЛИЯ,2.405093611770083,0.3181818181818182,0.002350422369165078,🚨 СТАТ-АНОМАЛИЯ
XMR,0,0,1,0.0010513134766370058,🚨 АНОМАЛИЯ,2.291304778323003,0.393939393939394,5.8394009593437885e-05,🚨 СТАТ-АНОМАЛИЯ
FLOW,2,0,0,0.0010919509222730994,🚨 АНОМАЛИЯ,2.271267730133114,0.3181818181818182,0.002350422369165078,🚨 СТАТ-АНОМАЛИЯ
FIL,2,0,1,0.0009296018397435546,🚨 АНОМАЛИЯ,2.1984691192820662,0.393939393939394,5.8394009593437885e-05,🚨 СТАТ-АНОМАЛИЯ
RAY,2,0,0,0.0010949900606647134,🚨 АНОМАЛИЯ,2.060925743878134,0.33333333333333337,0.001201920530022217,🚨 СТАТ-АНОМАЛИЯ
VET,2,0,0,0.001002701697871089,🚨 АНОМАЛИЯ,2.0482660288204544,0.303030303030303,0.004445364034573936,🚨 СТАТ-АНОМАЛИЯ
CAKE,0,0,0,0.0009557031444273889,🚨 АНОМАЛИЯ,2.0129698759515144,0.2878787878787879,0.008134070195861732,🚨 СТАТ-АНОМАЛИЯ
IOST,0,0,0,0.0010669142939150333,🚨 АНОМАЛИЯ,1.9626327769119751,0.31818181818181823,0.002350422369165078,🚨 СТАТ-АНОМАЛИЯ
JTO,2,0,1,0.0009968567173928022,🚨 АНОМАЛИЯ,1.8972691700982454,0.3484848484848485,0.0005942079024980721,🚨 СТАТ-АНОМАЛИЯ
GNO,0,0,0,0.000899310689419508,🚨 АНОМАЛИЯ,1.881240738995199,0.2878787878787879,0.008134070195861732,🚨 СТАТ-АНОМАЛИЯ
OP,2,0,1,0.00104257941711694,🚨 АНОМАЛИЯ,1.8593694662211047,0.36363636363636365,0.0002838993311940763,🚨 СТАТ-АНОМАЛИЯ
EGLD,2,0,1,0.0008587085758335888,🚨 АНОМАЛИЯ,1.8298324902475325,0.3484848484848485,0.0005942079024980721,🚨 СТАТ-АНОМАЛИЯ
FET,2,0,1,0.0010252597276121378,🚨 АНОМАЛИЯ,1.80540485276794,0.36363636363636365,0.0002838993311940763,🚨 СТАТ-АНОМАЛИЯ
ALGO,2,0,1,0.0012191121932119131,🚨 АНОМАЛИЯ,1.761517539944684,0.31818181818181823,0.002350422369165078,🚨 СТАТ-АНОМАЛИЯ
WIF,2,0,1,0.0009689152939245105,🚨 АНОМАЛИЯ,1.7575455959848554,0.31818181818181823,0.002350422369165078,🚨 СТАТ-АНОМАЛИЯ
HBAR,0,0,1,0.0009815559023991227,🚨 АНОМАЛИЯ,1.6667756458719907,0.303030303030303,0.004445364034573936,🚨 СТАТ-АНОМАЛИЯ
LDO,2,1,1,0.0010362962493672967,🚨 АНОМАЛИЯ,1.664467824396611,0.33333333333333337,0.001201920530022217,🚨 СТАТ-АНОМАЛИЯ
PENDLE,2,0,1,0.0007732773665338755,🚨 АНОМАЛИЯ,1.6564700480420036,0.393939393939394,5.8394009593437885e-05,🚨 СТАТ-АНОМАЛИЯ
ZEC,0,0,1,0.000743929878808558,🚨 АНОМАЛИЯ,1.6256693669563798,0.40909090909090906,2.511570305094103e-05,🚨 СТАТ-АНОМАЛИЯ
KAS,2,0,1,0.0009861098369583488,🚨 АНОМАЛИЯ,1.5822275161640562,0.33333333333333337,0.001201920530022217,🚨 СТАТ-АНОМАЛИЯ
HOT,0,0,0,0.0009012295049615204,🚨 АНОМАЛИЯ,1.5794811541565532,0.30303030303030304,0.004445364034573936,🚨 СТАТ-АНОМАЛИЯ
DYDX,2,0,1,0.0009292891481891274,🚨 АНОМАЛИЯ,1.566158377437606,0.30303030303030304,0.004445364034573936,🚨 СТАТ-АНОМАЛИЯ
WAVES,0,0,1,0.0007921148207969964,🚨 АНОМАЛИЯ,1.4713722822328976,0.24242424242424243,0.04098969175392333,🚨 СТАТ-АНОМАЛИЯ
DASH,2,0,1,0.0008657069993205369,🚨 АНОМАЛИЯ,1.468534677484629,0.36363636363636365,0.0002838993311940763,🚨 СТАТ-АНОМАЛИЯ
RBN,0,2,0,0.0002679830649867654,🚨 АНОМАЛИЯ,1.4575281993336777,0.5757575757575758,1.8873036861334e-10,🚨 СТАТ-АНОМАЛИЯ
FLOKI,2,0,1,0.0009688828722573817,🚨 АНОМАЛИЯ,1.453202434015453,0.33333333333333337,0.001201920530022217,🚨 СТАТ-АНОМАЛИЯ
CRV,2,0,1,0.0009094118722714484,🚨 АНОМАЛИЯ,1.4464279204043275,0.3181818181818182,0.002350422369165078,🚨 СТАТ-АНОМАЛИЯ
ENS,2,0,1,0.0009278772049583495,🚨 АНОМАЛИЯ,1.439321111109138,0.3484848484848485,0.0005942079024980721,🚨 СТАТ-АНОМАЛИЯ
THETA,2,0,1,0.0008338132756762207,🚨 АНОМАЛИЯ,1.4113163188205429,0.3484848484848485,0.0005942079024980721,🚨 СТАТ-АНОМАЛИЯ
BONK,2,0,1,0.0009845548775047064,🚨 АНОМАЛИЯ,1.407267261488858,0.3787878787878788,0.0001310304605511281,🚨 СТАТ-АНОМАЛИЯ
RVN,0,0,1,0.0008343221270479262,🚨 АНОМАЛИЯ,1.3747182695195554,0.3333333333333333,0.001201920530022217,🚨 СТАТ-АНОМАЛИЯ
PYTH,2,0,1,0.001041803858242929,🚨 АНОМАЛИЯ,1.3378820444853488,0.303030303030303,0.004445364034573936,🚨 СТАТ-АНОМАЛИЯ
TIA,2,0,1,0.0009956243447959423,🚨 АНОМАЛИЯ,1.3056831557130815,0.36363636363636365,0.0002838993311940763,🚨 СТАТ-АНОМАЛИЯ
ICP,2,0,1,0.0007211126503534615,🚨 АНОМАЛИЯ,1.304834357454986,0.25757575757575757,0.02469268953497516,🚨 СТАТ-АНОМАЛИЯ
SAND,2,0,1,0.0009660694631747901,🚨 АНОМАЛИЯ,1.298013109937121,0.31818181818181823,0.002350422369165078,🚨 СТАТ-АНОМАЛИЯ
MANA,2,0,1,0.0010707848705351353,🚨 АНОМАЛИЯ,1.2766785341673628,0.33333333333333337,0.001201920530022217,🚨 СТАТ-АНОМАЛИЯ
DOT,2,0,1,0.0009476622799411416,🚨 АНОМАЛИЯ,1.2765217431428715,0.3484848484848485,0.0005942079024980721,🚨 СТАТ-АНОМАЛИЯ
XLM,2,0,1,0.0009299192461185157,🚨 АНОМАЛИЯ,1.2435367929734054,0.27272727272727276,0.014404080648945394,🚨 СТАТ-АНОМАЛИЯ
LUNC,2,0,1,0.00062259950209409,🚨 АНОМАЛИЯ,1.2407984030835453,0.2878787878787879,0.008134070195861732,🚨 СТАТ-АНОМАЛИЯ
JUP,0,2,0,0.0003438402491156012,🚨 АНОМАЛИЯ,1.2233307693258684,0.5,7.312889868461444e-08,🚨 СТАТ-АНОМАЛИЯ
LTC,2,0,1,0.0007895108428783715,🚨 АНОМАЛИЯ,1.1856855952243517,0.3333333333333333,0.001201920530022217,🚨 СТАТ-АНОМАЛИЯ
BCH,2,0,1,0.0008981673163361847,🚨 АНОМАЛИЯ,1.1684909571051203,0.24242424242424243,0.04098969175392333,🚨 СТАТ-АНОМАЛИЯ
ATOM,2,0,1,0.0008802456432022154,🚨 АНОМАЛИЯ,1.1572170221511657,0.31818181818181823,0.002350422369165078,🚨 СТАТ-АНОМАЛИЯ
GALA,2,0,1,0.000951143039856106,🚨 АНОМАЛИЯ,1.156610171044645,0.3181818181818181,0.002350422369165078,🚨 СТАТ-АНОМАЛИЯ
XEC,2,0,1,0.0009853099472820759,🚨 АНОМАЛИЯ,1.155669005874171,0.31818181818181823,0.002350422369165078,🚨 СТАТ-АНОМАЛИЯ
AAVE,2,0,1,0.0008014859049580991,🚨 АНОМАЛИЯ,1.1505797803708504,0.3484848484848485,0.0005942079024980721,🚨 СТАТ-АНОМАЛИЯ
ORDI,2,0,1,0.0008960204431787133,🚨 АНОМАЛИЯ,1.1504180224705758,0.30303030303030304,0.004445364034573936,🚨 СТАТ-АНОМАЛИЯ
SHIB,2,0,1,0.0009043208556249738,🚨 АНОМАЛИЯ,1.1126172926743156,0.24242424242424243,0.04098969175392333,🚨 СТАТ-АНОМАЛИЯ
DOGE,2,0,1,0.0008525863522663713,🚨 АНОМАЛИЯ,1.09967883159683,0.24242424242424243,0.04098969175392333,🚨 СТАТ-АНОМАЛИЯ
NEO,2,0,1,0.0008912388584576547,🚨 АНОМАЛИЯ,1.0987092136288215,0.2727272727272727,0.014404080648945394,🚨 СТАТ-АНОМАЛИЯ
ETC,2,0,1,0.0008933691424317658,🚨 АНОМАЛИЯ,1.0973216868250406,0.31818181818181823,0.002350422369165078,🚨 СТАТ-АНОМАЛИЯ
ADA,2,0,1,0.0009302204707637429,🚨 АНОМАЛИЯ,1.0570843213701662,0.25757575757575757,0.02469268953497516,🚨 СТАТ-АНОМАЛИЯ
SNX,2,0,1,0.0009490461670793593,🚨 АНОМАЛИЯ,1.0368724632974244,0.3484848484848485,0.0005942079024980721,🚨 СТАТ-АНОМАЛИЯ
OMG,0,2,0,0.0008012453909032047,🚨 АНОМАЛИЯ,1.0336812440572325,0.18181818181818182,0.22641515752114558,В кластере BTC
LUSD,0,2,0,0.00022838539734948426,🚨 АНОМАЛИЯ,1.0245407518815954,0.3181818181818182,0.002350422369165078,🚨 СТАТ-АНОМАЛИЯ
MKR,0,2,0,0.0005714960861951113,🚨 АНОМАЛИЯ,1.0198749805959781,0.13636363636363635,0.5750385721808544,В кластере BTC
ONT,2,0,1,0.0007426710217259824,🚨 АНОМАЛИЯ,1.0177567861877563,0.21212121212121215,0.10264981605785835,В кластере BTC
ANKR,2,0,1,0.000769703823607415,🚨 АНОМАЛИЯ,1.0172498162061276,0.25757575757575757,0.02469268953497516,🚨 СТАТ-АНОМАЛИЯ
APE,2,0,1,0.0009626019163988531,🚨 АНОМАЛИЯ,1.0153045387480466,0.27272727272727276,0.014404080648945394,🚨 СТАТ-АНОМАЛИЯ
BAT,2,0,1,0.0008425201522186399,🚨 АНОМАЛИЯ,1.0124025509991958,0.25757575757575757,0.02469268953497516,🚨 СТАТ-АНОМАЛИЯ
XRP,0,0,1,0.0008472831104882061,🚨 АНОМАЛИЯ,1.0100440950317486,0.21212121212121215,0.10264981605785835,В кластере BTC
RUNE,2,0,1,0.0007691690698266029,🚨 АНОМАЛИЯ,1.0094719666383916,0.25757575757575757,0.02469268953497516,🚨 СТАТ-АНОМАЛИЯ
TUSD,0,2,0,8.87041533133015e-05,🚨 АНОМАЛИЯ,1.008225405403548,0.5151515151515151,2.4132536565922766e-08,🚨 СТАТ-АНОМАЛИЯ
USDT,0,2,0,8.905777212930843e-05,🚨 АНОМАЛИЯ,1.0079728533915095,0.5606060606060606,6.76826149509909e-10,🚨 СТАТ-АНОМАЛИЯ
USDC,0,2,0,8.905014692572877e-05,🚨 АНОМАЛИЯ,1.007924786652446,0.5303030303030303,7.645952179302263e-09,🚨 СТАТ-АНОМАЛИЯ
FDUSD,0,2,0,8.796203474048525e-05,🚨 АНОМАЛИЯ,1.0076936787882291,0.4545454545454546,1.6064698361040741e-06,🚨 СТАТ-АНОМАЛИЯ
DAI,0,2,0,8.559701382182539e-05,🚨 АНОМАЛИЯ,1.0073509815703676,0.4545454545454546,1.6064698361040741e-06,🚨 СТАТ-АНОМАЛИЯ
BUSD,0,2,0,8.78044156706892e-05,🚨 АНОМАЛИЯ,1.007181611565933,0.3787878787878789,0.0001310304605511281,🚨 СТАТ-АНОМАЛИЯ
USDD,0,2,0,9.571218834025785e-05,🚨 АНОМАЛИЯ,1.00695909800017,0.3030303030303031,0.004445364034573936,🚨 СТАТ-АНОМАЛИЯ
FRAX,0,2,0,0.00012820688425563276,🚨 АНОМАЛИЯ,1.0059016135477055,0.19696969696969702,0.15490045344001035,В кластере BTC
QTUM,2,0,1,0.0007923975354060531,🚨 АНОМАЛИЯ,1.0052119316353252,0.24242424242424243,0.04098969175392333,🚨 СТАТ-АНОМАЛИЯ
ENJ,2,0,1,0.0008211970562115312,🚨 АНОМАЛИЯ,1.0033960821607901,0.30303030303030304,0.004445364034573936,🚨 СТАТ-АНОМАЛИЯ
WOO,0,2,1,0.0008298149332404137,🚨 АНОМАЛИЯ,1.0024337733454571,0.25757575757575757,0.02469268953497516,🚨 СТАТ-АНОМАЛИЯ
TRX,0,2,0,0.00018612745043355972,🚨 АНОМАЛИЯ,1.0024127765599327,0.21212121212121215,0.10264981605785835,В кластере BTC
AXS,2,0,1,0.0007989585283212364,🚨 АНОМАЛИЯ,1.0022085711163673,0.25757575757575757,0.02469268953497516,🚨 СТАТ-АНОМАЛИЯ
ASTR,2,0,1,0.0007075825124047697,🚨 АНОМАЛИЯ,0.9965805278252688,0.19696969696969702,0.15490045344001035,В кластере BTC
LINK,2,0,1,0.0007308917120099068,🚨 АНОМАЛИЯ,0.9954991715583403,0.24242424242424246,0.04098969175392333,🚨 СТАТ-АНОМАЛИЯ
CHZ,2,0,1,0.0009052295354194939,🚨 АНОМАЛИЯ,0.9921517613792759,0.2727272727272727,0.014404080648945394,🚨 СТАТ-АНОМАЛИЯ
YFI,2,0,1,0.0008828189456835389,🚨 АНОМАЛИЯ,0.9904209384751288,0.27272727272727276,0.014404080648945394,🚨 СТАТ-АНОМАЛИЯ
BTT,0,2,0,0.0004263778100721538,🚨 АНОМАЛИЯ,0.9885680721367229,0.12121212121212122,0.7214716374644036,В кластере BTC
QNT,0,2,1,0.0007761170854791999,🚨 АНОМАЛИЯ,0.983654802576647,0.2272727272727273,0.0659037304796155,В кластере BTC
SOL,0,0,1,0.0006181311910040677,🚨 АНОМАЛИЯ,0.9795342463184197,0.2121212121212121,0.10264981605785835,В кластере BTC
BTC,0,2,1,0.00038095656782388687,🚨 АНОМАЛИЯ,0.9656737745407216,0.0,1.0,В кластере BTC
BNB,0,2,1,0.0007144256378524005,🚨 АНОМАЛИЯ,0.9635735081821063,0.18181818181818182,0.22641515752114558,В кластере BTC
ETH,0,2,1,0.0004983094404451549,🚨 АНОМАЛИЯ,0.9615379641241424,0.10606060606060608,0.8556316601318216,В кластере BTC
